devenir;Amikuze;ca_du_pays_basque;Cote Basque Adour;Errobi;Garazi Baigorri;Iholdi Oztibarre;Nive Adour;Pays de Bidache;Pays d'Hasparren;Soule Xiberoa;Sud Pays Basque
disparition au profit de l'agrandissement d'une ou plusieurs autres exploitations;1.268115942;0.873709293;0;0;0.38961039;0;0;0;1.377952756;1.663893511;0
disparition des terres au profit d'un usage non agricole;0;0.079428118;0;0;0;0;0;0;0;0;0
ne sait pas;6.52173913;6.83081811;21.42857143;7.73993808;6.363636364;3.116147309;13.04347826;8.695652174;5.905511811;6.655574043;9.324758842
nombre d'exploitations non concernées;80.97826087;80.35477893;46.42857143;79.25696594;83.63636364;87.25212465;67.39130435;77.82608696;80.90551181;79.70049917;75.88424437
pas de départ du chef ou coexploitant envisagé dans l'immédiat;5.615942029;7.307386815;17.85714286;8.66873065;5.194805195;5.949008499;16.30434783;10;8.070866142;7.321131448;9.003215434
reprise par un coexploitant un membre de la famille ou un tiers;5.615942029;4.55387874;14.28571429;4.334365325;4.415584416;3.682719547;3.260869565;3.47826087;3.74015748;4.65890183;5.78778135
total;552;3777;28;323;770;353;92;230;508;601;311
